Upphandling;Positionsnr;Varuområde;Huvudgrupp;Varugrupp;Leverantör;Lev. Artnr;Artikelnamn;Producent;Märke;Innehåll;Fsgenhet;Kronor;Kilo;kr/kg;Färdigmängd kr/kg;% Utanför avtal;Ekologisk;MSC;Kravmärkt;Etisk;Fairtrade;Närproducerat;Produktens Tillverkningsland;Råvarans ursprungsland
-;-;Djupfryst;Desserter/mellanmål;Ostkaka;Skafferi Värmland;3075;Ostkaka 1.3kg;Mor Carins;Mor Carins;1 x 1.3 KG;ST;  858,00;  7,80;  110,00;  110,00;  100,00;Nej;Nej;Nej;Nej;Nej;Ja;SVERIGE;SVERIGE
-;-;Djupfryst;Frukt/bär;Blåbär;Skafferi Värmland;2003;Blåbär 2.5kg;Skafferi Värmland;Skafferi Värmland;1 x 2.5 KG;ST;  247,38;  6,25;  39,60;  39,60;  100,00;Nej;Nej;Nej;Nej;Nej;Ja;SVERIGE;Uppgift saknas
-;-;Djupfryst;Frukt/bär;Lingon;Skafferi Värmland;777;Lingon Färskfrysta 2.5kg;Skafferi Värmland;Skafferi Värmland;1 x 2.5 KG;ST;  3931,25;  106,25;  37,00;  37,00;  100,00;Nej;Nej;Nej;Nej;Nej;Ja;SVERIGE;Uppgift saknas
-;-;Djupfryst;Kött oberett;Bacon;Skafferi Värmland;K70400;Bacon Skivat Torrsaltat 600g;August Larsson Chark Hemgården;Hemgården;1 x 0.6 KG;KG;  1093,11;  10,22;  107,00;  107,00;  100,00;Nej;Nej;Nej;Nej;Nej;Ja;SVERIGE;SVERIGE
-;-;Djupfryst;Kött oberett;Fransyska;Skafferi Värmland;K8109;Fransyska Bit  Nätad;Skafferi Värmland;Skafferi Värmland;1 x 1. KG;KG;  1885,46;  19,05;  99,00;  99,00;  100,00;Nej;Nej;Nej;Nej;Nej;Ja;SVERIGE;Uppgift saknas
-;-;Djupfryst;Kött oberett;Nötfärs;Skafferi Värmland;1236587;Nötfärs 10% ref 00820082;Skafferi Värmland;Skafferi Värmland;1 x 1. KG;KG;  36243,58;  385,57;  94,00;  94,00;  100,00;Nej;Nej;Nej;Nej;Nej;Ja;SVERIGE;SVERIGE
-;-;Djupfryst;Kött oberett;Nötkött strimlat;Skafferi Värmland;148967;Nötkött Strimlat;Skafferi Värmland;Skafferi Värmland;1 x 1. KG;KG;  15346,65;  139,52;  110,00;  110,00;  100,00;Nej;Nej;Nej;Nej;Nej;Ja;SVERIGE;Uppgift saknas
-;-;Djupfryst;Kött oberett;Viltfärs;Skafferi Värmland;1204;Hjortfärs 5kg SE;Skafferi Värmland;Skafferi Värmland;1 x 5. KG;KG;  6308,28;  44,00;  143,40;  143,40;  100,00;Nej;Nej;Nej;Nej;Nej;Ja;SVERIGE;SVERIGE
-;-;Djupfryst;Köttprodukter;Grillkorv;Skafferi Värmland;K1276;Grillkorv 900g;August Larsson Chark Hemgården;Hemgården;1 x 0.9 KG;ST;  550,00;  10,80;  50,90;  50,90;  100,00;Nej;Nej;Nej;Nej;Nej;Ja;SVERIGE;SVERIGE
-;-;Djupfryst;Köttprodukter;Kassler;Skafferi Värmland;K7013;Kassler Alvedsrökt 1/2 Rad 2kg;August Larsson Chark Hemgården;Hemgården;1 x 2. KG;KG;  535,34;  6,02;  89,00;  89,00;  100,00;Nej;Nej;Nej;Nej;Nej;Ja;SVERIGE;SVERIGE
-;-;Färskvaror/Kylvaror;Frukt/bär;Päron;Skafferi Värmland;17803;Päron Conference;Skafferi Värmland;Skafferi Värmland;1 x 1. KG;KG;  535,50;  21,00;  25,50;  25,50;  100,00;Nej;Nej;Nej;Nej;Nej;Ja;SVERIGE;Uppgift saknas
-;-;Färskvaror/Kylvaror;Frukt/bär;Äpplen;Skafferi Värmland;14790;Äpplen Rubinola Krav;Skafferi Värmland;Skafferi Värmland;1 x 1. KG;KG;  1600,00;  40,00;  40,00;  40,00;  100,00;Ja;Nej;Ja;Nej;Nej;Ja;SVERIGE;Uppgift saknas
-;-;Färskvaror/Kylvaror;Frukt/bär;Äpplen;Skafferi Värmland;14791;Äpple Aroma Krav;Skafferi Värmland;Skafferi Värmland;1 x 1. KG;KG;  7759,00;  206,00;  37,70;  37,70;  100,00;Ja;Nej;Ja;Nej;Nej;Ja;SVERIGE;Uppgift saknas
-;-;Färskvaror/Kylvaror;Frukt/bär;Äpplen;Skafferi Värmland;14792;Äpple Ingrid Marie Krav;Skafferi Värmland;Skafferi Värmland;1 x 1. KG;KG;  3200,00;  80,00;  40,00;  40,00;  100,00;Ja;Nej;Ja;Nej;Nej;Ja;SVERIGE;Uppgift saknas
-;-;Färskvaror/Kylvaror;Fågelprodukter;Kycklingkorv;Skafferi Värmland;1500;Kycklingkorv;August Larsson Chark Hemgården;Hemgården;1 x 1. KG;KG;  7614,60;  205,80;  37,00;  37,00;  100,00;Nej;Nej;Nej;Nej;Nej;Ja;SVERIGE;SVERIGE
-;-;Färskvaror/Kylvaror;Grönsaker obehandlade;Champinjoner;Skafferi Värmland;485;Wermlandsodlarna Champinjoner ca3kg;Skafferi Värmland;Skafferi Värmland;1 x 3. KG;KG;  17776,20;  86,00;  206,70;  206,70;  100,00;Nej;Nej;Nej;Nej;Nej;Ja;SVERIGE;SVERIGE
-;-;Färskvaror/Kylvaror;Grönsaker obehandlade;Gulbetor;Skafferi Värmland;3088;Gulbetor Krav ca10kg;Skafferi Värmland;Skafferi Värmland;1 x 10. KG;ST;  1290,00;  70,00;  18,40;  18,40;  100,00;Ja;Nej;Ja;Nej;Nej;Ja;SVERIGE;SVERIGE
-;-;Färskvaror/Kylvaror;Grönsaker obehandlade;Gulbetor;Skafferi Värmland;K3088;Gulbetor Krav 6kg;Torfolk & Vänner;Torfolk & Vänner;1 x 6. KG;ST;  1089,00;  54,00;  20,20;  20,20;  100,00;Ja;Nej;Ja;Nej;Nej;Ja;SVERIGE;SVERIGE
-;-;Färskvaror/Kylvaror;Grönsaker obehandlade;Kålrot;Skafferi Värmland;12008;Kålrötter Lv SE;Skafferi Värmland;Skafferi Värmland;1 x 1. KG;KG;  506,00;  22,00;  23,00;  23,00;  100,00;Nej;Nej;Nej;Nej;Nej;Ja;SVERIGE;SVERIGE
-;-;Färskvaror/Kylvaror;Grönsaker obehandlade;Kålrot;Skafferi Värmland;12460;Kålrot Krav;Skafferi Värmland;Skafferi Värmland;1 x 1. KG;KG;  1200,00;  60,00;  20,00;  20,00;  100,00;Ja;Nej;Ja;Nej;Nej;Ja;SVERIGE;Uppgift saknas
-;-;Färskvaror/Kylvaror;Grönsaker obehandlade;Lök gul;Skafferi Värmland;12011;Lök Gul Lv EU ;Skafferi Värmland;Skafferi Värmland;1 x 1. KG;KG;  75,50;  10,00;  7,60;  7,60;  100,00;Nej;Nej;Nej;Nej;Nej;Ja;SVERIGE;EUROPEISKA UNIONEN
-;-;Färskvaror/Kylvaror;Grönsaker obehandlade;Lök gul;Skafferi Värmland;12030;Lök Gul SE;Skafferi Värmland;Skafferi Värmland;1 x 1. KG;KG;  2868,22;  293,08;  9,80;  9,80;  100,00;Nej;Nej;Nej;Nej;Nej;Ja;SVERIGE;SVERIGE
-;-;Färskvaror/Kylvaror;Grönsaker obehandlade;Lök gul;Skafferi Värmland;3701;Lök Gul Krav 10kg;Torfolk & Vänner;Torfolk & Vänner;1 x 10. KG;ST;  1000,00;  50,00;  20,00;  20,00;  100,00;Ja;Nej;Ja;Nej;Nej;Ja;SVERIGE;SVERIGE
-;-;Färskvaror/Kylvaror;Grönsaker obehandlade;Morötter;Skafferi Värmland;1580;Morot Krav Tv 10kg;Skafferi Värmland;Skafferi Värmland;1 x 10. KG;ST;  14616,00;  1120,00;  13,10;  13,10;  100,00;Ja;Nej;Ja;Nej;Nej;Ja;SVERIGE;SVERIGE
-;-;Färskvaror/Kylvaror;Grönsaker obehandlade;Morötter;Skafferi Värmland;15900;Morot Tv 10kg SE;Skafferi Värmland;Skafferi Värmland;1 x 10. KG;ST;  500,00;  40,00;  12,50;  12,50;  100,00;Nej;Nej;Nej;Nej;Nej;Ja;SVERIGE;SVERIGE
-;-;Färskvaror/Kylvaror;Grönsaker obehandlade;Morötter;Skafferi Värmland;159875;Morot Lv Tv SE;Skafferi Värmland;Skafferi Värmland;1 x 1. KG;KG;  69,00;  5,00;  13,80;  13,80;  100,00;Nej;Nej;Nej;Nej;Nej;Ja;SVERIGE;SVERIGE
-;-;Färskvaror/Kylvaror;Grönsaker obehandlade;Palsternackor;Skafferi Värmland;1581;Palsternacka SE;Skafferi Värmland;Skafferi Värmland;1 x 1. KG;KG;  2343,30;  100,06;  23,40;  23,40;  100,00;Nej;Nej;Nej;Nej;Nej;Ja;SVERIGE;SVERIGE
-;-;Färskvaror/Kylvaror;Grönsaker obehandlade;Palsternackor;Skafferi Värmland;7061;Palsternacka Krav ca4kg;Torfolks Gård;Torfolks Gård;1 x 4. KG;KG;  2280,00;  10,00;  228,00;  228,00;  100,00;Ja;Nej;Ja;Nej;Nej;Ja;SVERIGE;SVERIGE
-;-;Färskvaror/Kylvaror;Grönsaker obehandlade;Palsternackor;Skafferi Värmland;70616;Palsternacka Krav ca6kg;Torfolk & Vänner;Torfolk & Vänner;1 x 6. KG;ST;  1872,00;  78,00;  24,00;  24,00;  100,00;Ja;Nej;Ja;Nej;Nej;Ja;SVERIGE;SVERIGE
-;-;Färskvaror/Kylvaror;Grönsaker obehandlade;Polkabetor;Skafferi Värmland;3071;Polkabetor Lsv 15kg;Skafferi Värmland;Skafferi Värmland;1 x 15. KG;ST;  780,00;  40,00;  19,50;  19,50;  100,00;Nej;Nej;Nej;Nej;Nej;Ja;SVERIGE;Uppgift saknas
-;-;Färskvaror/Kylvaror;Grönsaker obehandlade;Polkabetor;Skafferi Värmland;K3071;Polkabetor Krav 6kg;Torfolk & Vänner;Torfolk & Vänner;1 x 6. KG;ST;  1573,00;  78,00;  20,20;  20,20;  100,00;Ja;Nej;Ja;Nej;Nej;Ja;SVERIGE;SVERIGE
-;-;Färskvaror/Kylvaror;Grönsaker obehandlade;Purjolök;Skafferi Värmland;12013;Purjolök Klass 1 Lv SE/EU ;Skafferi Värmland;Skafferi Värmland;1 x 1. KG;KG;  348,79;  11,99;  29,10;  29,10;  100,00;Nej;Nej;Nej;Nej;Nej;Ja;SVERIGE;EUROPEISKA UNIONEN
-;-;Färskvaror/Kylvaror;Grönsaker obehandlade;Rotselleri;Skafferi Värmland;15897;Rotselleri SE/EU;Skafferi Värmland;Skafferi Värmland;1 x 1. KG;KG;  615,35;  19,85;  31,00;  31,00;  100,00;Nej;Nej;Nej;Nej;Nej;Ja;SVERIGE;EUROPEISKA UNIONEN
-;-;Färskvaror/Kylvaror;Grönsaker obehandlade;Rödbetor;Skafferi Värmland;12007;Rödbetor SE;Skafferi Värmland;Skafferi Värmland;1 x 1. KG;KG;  150,00;  10,00;  15,00;  15,00;  100,00;Nej;Nej;Nej;Nej;Nej;Ja;SVERIGE;SVERIGE
-;-;Färskvaror/Kylvaror;Grönsaker obehandlade;Rödbetor;Skafferi Värmland;1806;Rödbetor;Skafferi Värmland;Skafferi Värmland;1 x 1. KG;KG;  190,08;  10,56;  18,00;  18,00;  100,00;Nej;Nej;Nej;Nej;Nej;Ja;SVERIGE;SVERIGE
-;-;Färskvaror/Kylvaror;Grönsaker obehandlade;Rödbetor;Skafferi Värmland;3086;Rödbetor Krav ca10kg;Skafferi Värmland;Skafferi Värmland;1 x 10. KG;ST;  1204,00;  70,00;  17,20;  17,20;  100,00;Ja;Nej;Ja;Nej;Nej;Ja;SVERIGE;SVERIGE
-;-;Färskvaror/Kylvaror;Grönsaker obehandlade;Rödbetor;Skafferi Värmland;K3086;Rödbetor Krav 6kg;Torfolk & Vänner;Torfolk & Vänner;1 x 6. KG;ST;  530,00;  30,00;  17,70;  17,70;  100,00;Ja;Nej;Ja;Nej;Nej;Ja;SVERIGE;SVERIGE
-;-;Färskvaror/Kylvaror;Grönsaker obehandlade;Vitkål;Skafferi Värmland;1582;Vitkål 10kg SE;Skafferi Värmland;Skafferi Värmland;1 x 1. KG;KG;  2115,91;  160,49;  13,20;  13,20;  100,00;Nej;Nej;Nej;Nej;Nej;Ja;SVERIGE;SVERIGE
-;-;Färskvaror/Kylvaror;Grönsaker obehandlade;Vitkål;Skafferi Värmland;15820;Vitkål 10kg EU;Skafferi Värmland;Skafferi Värmland;1 x 1. KG;KG;  15926,40;  106,00;  150,20;  150,20;  100,00;Nej;Nej;Nej;Nej;Nej;Ja;SVERIGE;EUROPEISKA UNIONEN
-;-;Färskvaror/Kylvaror;Grönsaker skalade;Morötter;Skafferi Värmland;310;Morot Skalad Krav Vac 5kg;Värmlandspotatis AB;Värmlandspotatis;1 x 5. KG;ST; 1 22096,00;  5675,00;  21,50;  21,50;  100,00;Ja;Nej;Ja;Nej;Nej;Ja;SVERIGE;SVERIGE
-;-;Färskvaror/Kylvaror;Grönsaker skalade;Morötter;Skafferi Värmland;8305;Morot Skalad 5kg SE;Skafferi Värmland;Skafferi Värmland;1 x 5. KG;ST;  3939,00;  145,00;  27,20;  27,20;  100,00;Nej;Nej;Nej;Nej;Nej;Ja;SVERIGE;SVERIGE
-;-;Färskvaror/Kylvaror;Kött oberett;Blandfärs;Skafferi Värmland;8099;Blandfärs 50/50;Skafferi Värmland;Skafferi Värmland;1 x 1. KG;KG;  57260,60;  684,42;  83,70;  83,70;  100,00;Nej;Nej;Nej;Nej;Nej;Ja;SVERIGE;Uppgift saknas
-;-;Färskvaror/Kylvaror;Kött oberett;Fläskkarré;Skafferi Värmland;1245;Fläskkarré Bfr Vac;Dahlberg Slakteri AB;Dahlbergs Kött;1 x 2.5 KG;KG; 1 03886,51;  1548,55;  67,10;  67,10;  100,00;Nej;Nej;Nej;Nej;Nej;Ja;SVERIGE;SVERIGE
-;-;Färskvaror/Kylvaror;Kött oberett;Fläskkotlett;Skafferi Värmland;1657;Kotlettrad Benfri Vac;Dahlberg Slakteri AB;Dahlbergs Kött;1 x 1. KG;KG;  39322,37;  499,60;  78,70;  78,70;  100,00;Nej;Nej;Nej;Nej;Nej;Ja;SVERIGE;SVERIGE
-;-;Färskvaror/Kylvaror;Kött oberett;Fläskkött strimlat;Skafferi Värmland;1659;Fläskbog Strimlad;Skafferi Värmland;Skafferi Värmland;1 x 1. KG;KG;  6759,03;  101,23;  66,80;  66,80;  100,00;Nej;Nej;Nej;Nej;Nej;Ja;SVERIGE;Uppgift saknas
-;-;Färskvaror/Kylvaror;Kött oberett;Fläskkött tärnat;Skafferi Värmland;1658;Fläskkött Tärnat;Dahlberg Slakteri AB;Dahlbergs Kött;1 x 1. KG;KG;  17382,74;  274,26;  63,40;  63,40;  100,00;Nej;Nej;Nej;Nej;Nej;Ja;SVERIGE;SVERIGE
-;-;Färskvaror/Kylvaror;Kött oberett;Hjortkött;Skafferi Värmland;11140;Hjortgrytbitar;Skafferi Värmland;Skafferi Värmland;1 x 1. KG;KG;  11044,50;  55,50;  199,00;  199,00;  100,00;Nej;Nej;Nej;Nej;Nej;Ja;SVERIGE;Uppgift saknas
-;-;Färskvaror/Kylvaror;Kött oberett;Nötfärs;Skafferi Värmland;8027;Nötfärs 10%;Skafferi Värmland;Skafferi Värmland;1 x 1. KG;KG;  63730,18;  619,09;  102,90;  102,90;  100,00;Nej;Nej;Nej;Nej;Nej;Ja;SVERIGE;SVERIGE
-;-;Färskvaror/Kylvaror;Kött oberett;Nötfärs;Skafferi Värmland;8028;Nötfärs max 15%;Skafferi Värmland;Skafferi Värmland;1 x 1. KG;KG;  69398,57;  718,04;  96,70;  96,70;  100,00;Nej;Nej;Nej;Nej;Nej;Ja;SVERIGE;SVERIGE
-;-;Färskvaror/Kylvaror;Kött oberett;Nötfärs;Skafferi Värmland;8077;Nötfärs Krav 10%;Skafferi Värmland;Skafferi Värmland;1 x 1. KG;KG; 1 19771,72;  1035,10;  115,70;  115,70;  100,00;Ja;Nej;Ja;Nej;Nej;Ja;SVERIGE;SVERIGE
-;-;Färskvaror/Kylvaror;Kött oberett;Nötfärs;Skafferi Värmland;8078;Nötfärs Krav 15%;Skafferi Värmland;Skafferi Värmland;1 x 1. KG;KG; 2 03771,02;  1912,96;  106,50;  106,50;  100,00;Ja;Nej;Ja;Nej;Nej;Ja;SVERIGE;SVERIGE
-;-;Färskvaror/Kylvaror;Kött oberett;Nötkött strimlat;Skafferi Värmland;8021;Nötkött Strimlat;Skafferi Värmland;Skafferi Värmland;1 x 1. KG;KG;  52032,39;  441,71;  117,80;  117,80;  100,00;Nej;Nej;Nej;Nej;Nej;Ja;SVERIGE;SVERIGE
-;-;Färskvaror/Kylvaror;Kött oberett;Nötkött strimlat;Skafferi Värmland;8071;Nötkött Strimlat Krav;Skafferi Värmland;Skafferi Värmland;1 x 1. KG;KG;  28068,89;  218,38;  128,50;  128,50;  100,00;Ja;Nej;Ja;Nej;Nej;Ja;SVERIGE;SVERIGE
-;-;Färskvaror/Kylvaror;Kött oberett;Nötkött tärnat;Skafferi Värmland;8020;Nötkött Tärnat;Skafferi Värmland;Skafferi Värmland;1 x 1. KG;KG;  47380,42;  410,99;  115,30;  115,30;  100,00;Nej;Nej;Nej;Nej;Nej;Ja;SVERIGE;SVERIGE
-;-;Färskvaror/Kylvaror;Kött oberett;Nötkött tärnat;Skafferi Värmland;8070;Nötkött Tärnat Krav;Skafferi Värmland;Skafferi Värmland;1 x 1. KG;KG;  20878,55;  166,09;  125,70;  125,70;  100,00;Ja;Nej;Ja;Nej;Nej;Ja;SVERIGE;SVERIGE
-;-;Färskvaror/Kylvaror;Köttprodukter;Falukorv;Skafferi Värmland;14658;Falukorv Rak;August Larsson Chark Hemgården;Hemgården;1 x 1. KG;KG;  5754,60;  92,00;  62,60;  62,60;  100,00;Nej;Nej;Nej;Nej;Nej;Ja;SVERIGE;SVERIGE
-;-;Färskvaror/Kylvaror;Köttprodukter;Falukorv;Skafferi Värmland;K146581;Falukorv Strimlad;August Larsson Chark Hemgården;Hemgården;1 x 1. KG;KG;  3037,63;  48,99;  62,00;  62,00;  100,00;Nej;Nej;Nej;Nej;Nej;Ja;SVERIGE;SVERIGE
-;-;Färskvaror/Kylvaror;Köttprodukter;Fläskkorv;Skafferi Värmland;7008;Fläskkorv Kokt 900g;August Larsson Chark Hemgården;Hemgården;1 x 0.9 KG;KG;  1018,13;  19,21;  53,00;  53,00;  100,00;Nej;Nej;Nej;Nej;Nej;Ja;SVERIGE;SVERIGE
-;-;Färskvaror/Kylvaror;Köttprodukter;Grillkorv;Skafferi Värmland;123985;Grillisar Skinnfria 700g;August Larsson Chark Hemgården;Hemgården;1 x 0.7 KG;ST;  1278,00;  16,80;  76,10;  76,10;  100,00;Nej;Nej;Nej;Nej;Nej;Ja;SVERIGE;SVERIGE
-;-;Färskvaror/Kylvaror;Köttprodukter;Korv övrig;Skafferi Värmland;7006;Värmlandskorv Kokt 900g/9kg;August Larsson Chark Hemgården;Hemgården;1 x 0.9 KG;KG;  7310,23;  91,97;  79,50;  79,50;  100,00;Nej;Nej;Nej;Nej;Nej;Ja;SVERIGE;SVERIGE
-;-;Färskvaror/Kylvaror;Köttprodukter;Prinskorv;Skafferi Värmland;7055;Prinskorv 840g;August Larsson Chark Hemgården;Hemgården;1 x 0.84 KG;KG;  2800,22;  30,24;  92,60;  92,60;  100,00;Nej;Nej;Nej;Nej;Nej;Ja;SVERIGE;SVERIGE
-;-;Färskvaror/Kylvaror;Köttprodukter;Skinka kokt;Skafferi Värmland;80200;Julskinka Värmländsk Kokt ca4kg;August Larsson Chark Hemgården;Hemgården;1 x 4. KG;KG;  1690,53;  22,85;  74,00;  74,00;  100,00;Nej;Nej;Nej;Nej;Nej;Ja;SVERIGE;SVERIGE
-;-;Färskvaror/Kylvaror;Köttprodukter;Varmkorv;Skafferi Värmland;80101;Varmkorv 750g;August Larsson Chark Hemgården;Hemgården;1 x 0.75 KG;KG;  1755,00;  45,00;  39,00;  39,00;  100,00;Nej;Nej;Nej;Nej;Nej;Ja;SVERIGE;SVERIGE
-;-;Färskvaror/Kylvaror;Mejerivaror;Filmjölk naturell lägst 2% fetthalt;Skafferi Värmland;1030;Filmjölk Krav 1L;Wermlands Mejeri;Wermlands Mejeri;15 x 1. L;KRT;  23365,50;  22860,00;  1,00;  1,00;  100,00;Ja;Nej;Ja;Nej;Nej;Ja;SVERIGE;SVERIGE
-;-;Färskvaror/Kylvaror;Mejerivaror;Lättmjölk, högst 0,5% fetthalt;Skafferi Värmland;1033;Lättmjölk 0.5% 1L;Wermlands Mejeri;Wermlands Mejeri;1 x 1. L;L;  203,70;  15,00;  13,60;  0,00;  100,00;Nej;Nej;Nej;Nej;Nej;Ja;SVERIGE;SVERIGE
-;-;Färskvaror/Kylvaror;Mejerivaror;Mellanmjölk, 1,5%-1,8% fetthalt;Skafferi Värmland;1032;Mellanmjölk 1.8% 1L;Wermlands Mejeri;Wermlands Mejeri;15 x 1. L;KRT;  23117,00;  28140,00;  0,80;  0,80;  100,00;Nej;Nej;Nej;Nej;Nej;Ja;SVERIGE;SVERIGE
-;-;Färskvaror/Kylvaror;Mejerivaror;Mellanmjölk, 1,5%-1,8% fetthalt;Skafferi Värmland;1038;Mellanmjölk 1.8% 10L;Wermlands Mejeri;Wermlands Mejeri;1 x 10. L;L;  41184,50;  3370,00;  12,20;  12,20;  100,00;Nej;Nej;Nej;Nej;Nej;Ja;SVERIGE;SVERIGE
-;-;Färskvaror/Kylvaror;Mejerivaror;Mellanmjölk, 1,5%-1,8% fetthalt;Skafferi Värmland;EK1032;Mellanmjölk Krav 1.8% 10L;Wermlands Mejeri;Wermlands Mejeri;1 x 10. L;L; 1 16700,80;  8640,00;  13,50;  13,50;  100,00;Ja;Nej;Nej;Nej;Nej;Ja;SVERIGE;SVERIGE
-;-;Färskvaror/Kylvaror;Mejerivaror;Standardmjölk, 3,0%-3,5% fetthalt;Skafferi Värmland;1031;Standardmjölk 1L;Wermlands Mejeri;Wermlands Mejeri;1 x 1. L;ST;  1471,68;  1665,00;  0,90;  0,90;  100,00;Nej;Nej;Nej;Nej;Nej;Ja;SVERIGE;SVERIGE
-;-;Färskvaror/Kylvaror;Mejerivaror;Vispgrädde;Skafferi Värmland;1034;Grädde 40% 500ml;Wermlands Mejeri;Wermlands Mejeri;1 x 0.5 L;L;  14858,05;  2482,50;  6,00;  6,00;  100,00;Nej;Nej;Nej;Nej;Nej;Ja;SVERIGE;SVERIGE
-;-;Färskvaror/Kylvaror;Mejerivaror;Yoghurt naturell;Skafferi Värmland;1039;Wermlandsyougurt Naturell 3.5%;Wermlands Mejeri;Wermlands Mejeri;1 x 1. L;L;  5044,42;  313,00;  16,10;  16,10;  100,00;Nej;Nej;Nej;Nej;Nej;Ja;SVERIGE;SVERIGE
-;-;Färskvaror/Kylvaror;Mejerivaror;Yoghurt smaksatt;Skafferi Värmland;1040;Wermlandsyougurt Vanilj 3.3%;Wermlands Mejeri;Wermlands Mejeri;1 x 1. L;L;  5661,16;  326,00;  17,40;  17,40;  100,00;Nej;Nej;Nej;Nej;Nej;Ja;SVERIGE;SVERIGE
-;-;Färskvaror/Kylvaror;Ost;Ost Hårdost övrig;Skafferi Värmland;150;Ost Gammel Pär;Lakene Ostgård;Lakene Ostgård;1 x 1. KG;KG;  1876,88;  10,03;  187,10;  187,10;  100,00;Nej;Nej;Nej;Nej;Nej;Ja;SVERIGE;SVERIGE
-;-;Färskvaror/Kylvaror;Potatis;Potatis;Skafferi Värmland;109091;Potatis Fast Tv 40-42mm 10kg ;Värmlandspotatis AB;Värmlandspotatis;1 x 10. KG;ST;  35250,00;  2350,00;  15,00;  15,00;  100,00;Nej;Nej;Nej;Nej;Nej;Ja;SVERIGE;SVERIGE
-;-;Färskvaror/Kylvaror;Potatis;Potatis;Skafferi Värmland;1819;Potatis Msk Krav Tv 5kg;Värmlandspotatis AB;Värmlandspotatis;1 x 5. KG;ST;  5610,50;  680,00;  8,30;  8,30;  100,00;Ja;Nej;Ja;Nej;Nej;Ja;SVERIGE;SVERIGE
-;-;Färskvaror/Kylvaror;Potatis;Potatis;Skafferi Värmland;317;Potatis Fast Tv 10kg ;Skafferi Värmland;Skafferi Värmland;1 x 10. KG;ST;  23361,00;  2340,00;  10,00;  10,00;  100,00;Nej;Nej;Nej;Nej;Nej;Ja;SVERIGE;SVERIGE
-;-;Färskvaror/Kylvaror;Potatis;Potatis;Skafferi Värmland;324;Potatis Krav Fast Tv 10kg;Skafferi Värmland;Skafferi Värmland;1 x 10. KG;ST;  39260,50;  3420,00;  11,50;  11,50;  100,00;Ja;Nej;Ja;Nej;Nej;Ja;SVERIGE;SVERIGE
-;-;Färskvaror/Kylvaror;Potatis;Potatis;Skafferi Värmland;3240;Potatis Fast Krav Tv 10kg;Skafferi Värmland;Skafferi Värmland;1 x 10. KG;ST;  5192,00;  880,00;  5,90;  5,90;  100,00;Ja;Nej;Ja;Nej;Nej;Ja;SVERIGE;Uppgift saknas
-;-;Färskvaror/Kylvaror;Potatis;Potatis;Skafferi Värmland;4230;Potatis Fast Tv 5kg;Värmlandspotatis AB;Värmlandspotatis;1 x 5. KG;ST;  3320,50;  290,00;  11,50;  11,50;  100,00;Nej;Nej;Nej;Nej;Nej;Ja;SVERIGE;SVERIGE
-;-;Färskvaror/Kylvaror;Potatis;Potatis skalad;Skafferi Värmland;1578;Potatis Skalad Fast Krav 5kg;Skafferi Värmland;Skafferi Värmland;1 x 5. KG;ST;  61909,00;  2860,00;  21,60;  21,60;  100,00;Ja;Nej;Ja;Nej;Nej;Ja;SVERIGE;SVERIGE
-;-;Färskvaror/Kylvaror;Potatis;Potatis skalad;Skafferi Värmland;300;Kulpotatis Skalad Fast Vac 5kg;Värmlandspotatis AB;Värmlandspotatis;1 x 5. KG;ST;  39579,00;  2505,00;  15,80;  15,80;  100,00;Nej;Nej;Nej;Nej;Nej;Ja;SVERIGE;SVERIGE
-;-;Färskvaror/Kylvaror;Potatis;Potatis skalad;Skafferi Värmland;302;Potatis Skalad Fast Vac 5kg;Värmlandspotatis AB;Värmlandspotatis;1 x 5. KG;ST; 2 33761,00;  14795,00;  15,80;  15,80;  100,00;Nej;Nej;Nej;Nej;Nej;Ja;SVERIGE;SVERIGE
-;-;Färskvaror/Kylvaror;Potatis;Potatis skalad;Skafferi Värmland;304;Potatis King Edward Skalad Vac 5kg;Värmlandspotatis AB;Värmlandspotatis;1 x 5. KG;ST; 1 71046,00;  8960,00;  19,10;  19,10;  100,00;Nej;Nej;Nej;Nej;Nej;Ja;SVERIGE;SVERIGE
-;-;Färskvaror/Kylvaror;Potatis;Potatis skivad;Skafferi Värmland;1579;Potatis Skivad Fast Krav Vac 5kg;Skafferi Värmland;Skafferi Värmland;1 x 5. KG;ST;  7745,50;  325,00;  23,80;  23,80;  100,00;Ja;Nej;Ja;Nej;Nej;Ja;SVERIGE;SVERIGE
-;-;Färskvaror/Kylvaror;Potatis;Potatis strimlad;Skafferi Värmland;312;Potatis Strimlad Fast 5kg;Värmlandspotatis AB;Värmlandspotatis;1 x 5. KG;ST;  2185,00;  115,00;  19,00;  19,00;  100,00;Nej;Nej;Nej;Nej;Nej;Ja;SVERIGE;SVERIGE
-;-;Färskvaror/Kylvaror;Ägg;Ägg färska;Skafferi Värmland;023;Ägg Frigående Medium 15p;Värmlandsägg;Värmlandsägg;1 x 11.6 KG;KRT;  316,19;  9,00;  35,10;  35,10;  100,00;Nej;Nej;Nej;Nej;Nej;Ja;SVERIGE;SVERIGE
-;-;Färskvaror/Kylvaror;Ägg;Ägg färska;Skafferi Värmland;1000M;Ägg 30p;Torggummans Ägg;Torggummans Ägg;1 x 1.85 KG;ST;  1860,00;  60,00;  31,00;  31,00;  100,00;Nej;Nej;Nej;Nej;Nej;Ja;SVERIGE;SVERIGE
-;-;Färskvaror/Kylvaror;Ägg;Ägg färska;Skafferi Värmland;12365;Värmlandsägg 30p;Värmlandsägg;Värmlandsägg;1 x 14.3 KG;KRT;  3614,00;  108,00;  33,50;  33,50;  100,00;Nej;Nej;Nej;Nej;Nej;Ja;SVERIGE;SVERIGE
-;-;Färskvaror/Kylvaror;Ägg;Ägg färska;Skafferi Värmland;3000M;Ägg M Lösvikt Krav ;Torggummans Ägg;Torggummans Ägg;8 x 1.8 KG;ST;  20720,02;  414,12;  50,00;  50,00;  100,00;Ja;Nej;Ja;Nej;Nej;Ja;SVERIGE;SVERIGE
-;-;Färskvaror/Kylvaror;Ägg;Ägg färska;Skafferi Värmland;3015M;Ägg Krav M 15p;Torggummans Ägg;Torggummans Ägg;1 x 0.893 KG;ST;  522,59;  10,80;  48,40;  48,40;  100,00;Ja;Nej;Ja;Nej;Nej;Ja;SVERIGE;SVERIGE
-;-;Kolonial/Speceri;Baljväxter;Baljväxter övriga;Skafferi Värmland;6281;Gråärt Eko;Fagerås Kvarn och Foder AB;Fagerås Kvarn;1 x 1. KG;KG;  2372,50;  50,00;  47,50;  47,50;  100,00;Ja;Nej;Nej;Nej;Nej;Ja;SVERIGE;SVERIGE
-;-;Kolonial/Speceri;Baljväxter;Ärter gula;Skafferi Värmland;6280;Ärtor Gula Eko 5kg;Fagerås Kvarn och Foder AB;Fagerås Kvarn;1 x 5. KG;KG;  1472,50;  65,00;  22,70;  22,70;  100,00;Ja;Nej;Nej;Nej;Nej;Ja;SVERIGE;SVERIGE
-;-;Kolonial/Speceri;Fröer och kärnor;Solroskärnor;Skafferi Värmland;756;Solroskärnor 600g;Fagerås Kvarn och Foder AB;Fagerås Kvarn;1 x 0.6 KG;KG;  630,00;  18,00;  35,00;  35,00;  100,00;Nej;Nej;Nej;Nej;Nej;Ja;SVERIGE;SVERIGE
-;-;Kolonial/Speceri;Gryn;Havregryn;Skafferi Värmland;4202;Havregryn Krav 5kg;Lundens Gård;Lundens Gård;4 x 2.5 KG;ST;  658,00;  20,00;  32,90;  0,00;  100,00;Ja;Nej;Ja;Nej;Nej;Ja;SVERIGE;SVERIGE
-;-;Kolonial/Speceri;Gryn;Mannagryn;Skafferi Värmland;1021;Mannagryn Eko 2kg;Fagerås Kvarn och Foder AB;Fagerås Kvarn;1 x 2. KG;ST;  1570,00;  80,00;  19,60;  19,60;  100,00;Ja;Nej;Nej;Nej;Nej;Ja;SVERIGE;SVERIGE
-;-;Kolonial/Speceri;Matfett/matolja;Rapsolja;Skafferi Värmland;100;Västanås Rapsolja Krav 5L;Skafferi Värmland;Skafferi Värmland;1 x 5. L;ST;  1314,00;  25,00;  52,60;  52,60;  100,00;Ja;Nej;Ja;Nej;Nej;Ja;SVERIGE;SVERIGE
-;-;Kolonial/Speceri;Mjöl;Dinkelmjöl;Skafferi Värmland;4200;Dinkelmjöl Fullkorn Krav 4kg;Lundens Gård;Lundens Gård;1 x 4. KG;ST;  528,00;  20,00;  26,40;  26,40;  100,00;Ja;Nej;Ja;Nej;Nej;Ja;SVERIGE;SVERIGE
-;-;Kolonial/Speceri;Mjöl;Grahamsmjöl;Skafferi Värmland;622;Grahamsmjöl 2kg;Fagerås Kvarn och Foder AB;Fagerås Kvarn;11 x 2. KG;KRT;  327,58;  22,00;  14,90;  14,90;  100,00;Nej;Nej;Nej;Nej;Nej;Ja;SVERIGE;SVERIGE
-;-;Kolonial/Speceri;Mjöl;Grahamsmjöl;Skafferi Värmland;755;Grahamsmjöl 10kg;Fagerås Kvarn och Foder AB;Fagerås Kvarn;1 x 10. KG;ST;  304,04;  22,00;  13,80;  13,80;  100,00;Nej;Nej;Nej;Nej;Nej;Ja;SVERIGE;SVERIGE
-;-;Kolonial/Speceri;Mjöl;Havremjöl;Skafferi Värmland;1220;Skrädmjöl Krav 1kg;Björkaholm Qvarn AB;Björkaholm Qvarn;12 x 1. KG;KRT;  1794,00;  36,00;  49,80;  49,80;  100,00;Ja;Nej;Ja;Nej;Nej;Ja;SVERIGE;SVERIGE
-;-;Kolonial/Speceri;Mjöl;Havremjöl;Skafferi Värmland;1726;Skrädmjöl Stöpafors 1kg;Skafferi Värmland;Skafferi Värmland;1 x 1. KG;ST;  521,88;  15,00;  34,80;  34,80;  100,00;Nej;Nej;Nej;Nej;Nej;Ja;SVERIGE;SVERIGE
-;-;Kolonial/Speceri;Mjöl;Mjölmix;Skafferi Värmland;1020;Mjölnarens Kvarnmix Råg/Vete 10kg;Fagerås Kvarn och Foder AB;Fagerås Kvarn;1 x 10. KG;ST;  1623,10;  110,00;  14,80;  14,80;  100,00;Nej;Nej;Nej;Nej;Nej;Ja;SVERIGE;SVERIGE
-;-;Kolonial/Speceri;Mjöl;Rågmjöl;Skafferi Värmland;1588;Rågmjöl Fullkorn 2kg;Fagerås Kvarn och Foder AB;Fagerås Kvarn;11 x 2. KG;KRT;  532,00;  88,00;  6,00;  6,00;  100,00;Nej;Nej;Nej;Nej;Nej;Ja;SVERIGE;SVERIGE
-;-;Kolonial/Speceri;Mjöl;Rågmjöl;Skafferi Värmland;4205;Rågmjöl Fullkorn Krav 4kg;Lundens Gård;Lundens Gård;1 x 4. KG;ST;  200,00;  8,00;  25,00;  25,00;  100,00;Ja;Nej;Ja;Nej;Nej;Ja;SVERIGE;SVERIGE
-;-;Kolonial/Speceri;Mjöl;Rågmjöl;Skafferi Värmland;42051;Rågmjöl Fullkorn Krav 2kg;Lundens Gård;Lundens Gård;1 x 2. KG;ST;  768,00;  32,00;  24,00;  24,00;  100,00;Ja;Nej;Ja;Nej;Nej;Ja;SVERIGE;SVERIGE
-;-;Kolonial/Speceri;Mjöl;Rågmjöl;Skafferi Värmland;66010;Rågmjöl Fullkorn 2kg;Björkaholm Qvarn AB;Björkaholm Qvarn;1 x 2. KG;ST;  1560,00;  96,00;  16,30;  16,30;  100,00;Nej;Nej;Nej;Nej;Nej;Ja;SVERIGE;SVERIGE
-;-;Kolonial/Speceri;Mjöl;Rågsikt;Skafferi Värmland;4204;Rågmjöl Siktat Krav 4kg;Lundens Gård;Lundens Gård;1 x 4. KG;ST;  100,00;  4,00;  25,00;  25,00;  100,00;Ja;Nej;Ja;Nej;Nej;Ja;SVERIGE;SVERIGE
-;-;Kolonial/Speceri;Mjöl;Rågsikt;Skafferi Värmland;750;Rågsikt 2kg;Fagerås Kvarn och Foder AB;Fagerås Kvarn;1 x 2. KG;ST;  1520,20;  100,00;  15,20;  15,20;  100,00;Nej;Nej;Nej;Nej;Nej;Ja;SVERIGE;SVERIGE
-;-;Kolonial/Speceri;Mjöl;Vetemjöl;Skafferi Värmland;1584;Vetemjöl Siktat Eko 10kg;Fagerås Kvarn och Foder AB;Fagerås Kvarn;1 x 10. KG;ST;  25758,10;  1792,00;  14,40;  14,40;  100,00;Ja;Nej;Nej;Nej;Nej;Ja;SVERIGE;SVERIGE
-;-;Kolonial/Speceri;Mjöl;Vetemjöl;Skafferi Värmland;1586;Lantmjöl Siktat 10kg;Fagerås Kvarn och Foder AB;Fagerås Kvarn;1 x 10. KG;ST;  1726,80;  120,00;  14,40;  14,40;  100,00;Nej;Nej;Nej;Nej;Nej;Ja;SVERIGE;SVERIGE
-;-;Kolonial/Speceri;Mjöl;Vetemjöl;Skafferi Värmland;4206;Vetemjöl Siktat Ölandsvete Krav 4kg;Lundens Gård;Lundens Gård;1 x 4. KG;ST;  2496,00;  104,00;  24,00;  24,00;  100,00;Ja;Nej;Ja;Nej;Nej;Ja;SVERIGE;SVERIGE
-;-;Kolonial/Speceri;Mjöl;Vetemjöl;Skafferi Värmland;4207;Vetemjöl Siktat Krav 4kg;Lundens Gård;Lundens Gård;1 x 4. KG;ST;  1000,00;  40,00;  25,00;  25,00;  100,00;Ja;Nej;Ja;Nej;Nej;Ja;SVERIGE;SVERIGE
-;-;Kolonial/Speceri;Mjöl;Vetemjöl;Skafferi Värmland;4208;Vetemjöl Fullkorn Ölandsvete Krav 4kg;Lundens Gård;Lundens Gård;1 x 4. KG;ST;  285,00;  12,00;  23,80;  23,80;  100,00;Ja;Nej;Ja;Nej;Nej;Ja;SVERIGE;SVERIGE
-;-;Kolonial/Speceri;Mjöl;Vetemjöl;Skafferi Värmland;506796;Vetemjöl Siktat Krav 2kg;Björkaholm Qvarn AB;Björkaholm Qvarn;5 x 2. KG;KRT;  1575,20;  110,00;  14,30;  14,30;  100,00;Ja;Nej;Ja;Nej;Nej;Ja;SVERIGE;SVERIGE
-;-;Kolonial/Speceri;Mjöl;Vetemjöl;Skafferi Värmland;57689;Vetemjöl Krav 10kg;Björkaholm Qvarn AB;Björkaholm Qvarn;1 x 10. KG;ST;  666,00;  50,00;  13,30;  13,30;  100,00;Ja;Nej;Ja;Nej;Nej;Ja;SVERIGE;SVERIGE
-;-;Kolonial/Speceri;Mjöl;Vetemjöl;Skafferi Värmland;66020;Björkaholm Fullkornsvetemjöl Krav kg;Björkaholm Qvarn AB;Björkaholm Qvarn;1 x 1. KG;ST;  515,52;  36,00;  14,30;  14,30;  100,00;Ja;Nej;Ja;Nej;Nej;Ja;SVERIGE;SVERIGE
-;-;Kolonial/Speceri;Mjöl;Vetemjöl;Skafferi Värmland;744;Vetemjöl 2kg;Fagerås Kvarn och Foder AB;Fagerås Kvarn;1 x 2. KG;ST;  655,16;  44,00;  14,90;  14,90;  100,00;Nej;Nej;Nej;Nej;Nej;Ja;SVERIGE;SVERIGE
-;-;Kolonial/Speceri;Socker/sötningsmedel;Honung;Skafferi Värmland;5445;Honung Värmländsk Öxnevåls Gård 4.8kg;Skafferi Värmland;Skafferi Värmland;1 x 4.8 KG;ST;  1920,00;  19,20;  100,00;  100,00;  100,00;Nej;Nej;Nej;Nej;Nej;Ja;SVERIGE;Uppgift saknas
-;-;Kolonial/Speceri;Sylt/marmelad/gelé;Jordgubbssylt;Skafferi Värmland;123;Torfolk Jordgubbssylt Krav 12kg;Torfolks Gård;Torfolks Gård;1 x 12. KG;ST;  10625,00;  204,00;  52,10;  52,10;  100,00;Ja;Nej;Ja;Nej;Nej;Ja;SVERIGE;Uppgift saknas
-;-;Kolonial/Speceri;Sylt/marmelad/gelé;Lingonsylt;Skafferi Värmland;122;Torfolk Lingonsylt Krav 5kg;Torfolks Gård;Torfolks Gård;1 x 5. KG;ST;  35762,90;  545,00;  65,60;  65,60;  100,00;Ja;Nej;Ja;Nej;Nej;Ja;SVERIGE;Uppgift saknas
-;-;Kolonial/Speceri;Sylt/marmelad/gelé;Pannkakssylt;Skafferi Värmland;125;Pannkaksylt Hink 5kg;Torfolks Gård;Torfolks Gård;1 x 5. KG;ST;  2937,00;  55,00;  53,40;  53,40;  100,00;Nej;Nej;Nej;Nej;Nej;Ja;SVERIGE;Uppgift saknas
-;-;Kolonial/Speceri;Sylt/marmelad/gelé;Pannkakssylt;Skafferi Värmland;134;Pannkakssylt Krav 750g;Torfolks Gård;Torfolks Gård;6 x 0.75 KG;KRT;  1272,60;  22,50;  56,60;  56,60;  100,00;Ja;Nej;Ja;Nej;Nej;Ja;SVERIGE;Import
-;-;Kolonial/Speceri;Öl;Öl klass 1;Skafferi Värmland;D021;Fryken Lättöl 2,2% 33cl;Västra Ämteviks Bryggeri AB;Västra Ämteviks Bryggeri;1 x 0.33 L;ST;  290,00;  6,60;  43,90;  43,90;  100,00;Nej;Nej;Nej;Nej;Nej;Ja;SVERIGE;Uppgift saknas